{
    "1":{"mode":"7","original":"A公司負責人打電話來，他很急，請你快點打電話給他。","converted":"總經理，A公司負責人致電，有要事找您，請您撥冗回電。"},
    "2":{"mode":"3","original":"快去讀書，你都快考不上大學了","converted":"快去讀書，才能考上好大學，加油！"},
    "3":{"mode":"3","original":"你整天都在滑手機，在滑我就沒收","converted":"媽不想限制你使用手機，但不希望看到你大部分時間都在滑手機，希望妳能分配時間，好嗎？"},
    "4":{"mode":"3","original":"你可不可以不要一直唸啊，煩死了，我都成年了還一直管","converted":"好，我知道妳是關心我，謝謝你，我收到了，我長大了我會管好自己，不讓你操心。"},
    "5":{"mode":"1","original":"不然你要怎麼樣嘛","converted":"寶貝，對不起 再給我一次機會我一定改進"},
    "6":{"mode":"1","original":"不然你要怎麼樣嘛","converted":"寶貝，對不起 那妳希望我能怎麼做🥺"},
    "7":{"mode":"1","original":"因為你本身不是說很瘦，這件顯腰粗，而且你腿有很細嗎？沒有的話就穿長褲不要選裙子。","converted":"這件沒辦法將你的優勢展現！而且我覺得妳穿裙子比長褲好看。寶貝，我覺得妳穿裙子更好看。"},
    "8":{"mode":"1","original":"你又生氣了，又是我的錯，好拉我錯了，都是我的錯你贏了吧","converted":"對不起讓你不高興了，我的錯，我一定會改進！不要生氣了好嗎！"},
    "9":{"mode":"1","original":"幹，這樣也要不爽？那你看那些帥哥我有說什麼嗎？那好，我全部刪掉，你滿意了吧?","converted":"你不開心是不是?我馬上改，那好，我全部刪掉，不要不開心了。"},
    "10":{"mode":"1","original":"我就公司真的有事無法抽身 ，你可以體諒我一下嗎？","converted":"寶貝，對不起，公司臨時有事無法抽身，所以遲到了，我也好難過不能早點看到你。"},
    "11":{"mode":"1","original":"你真的很過分欸，為什麼別人的男朋友都記得","converted":"沒關係，有你陪在我身邊，我就很滿足了"},
    "12":{"mode":"1","original":"你高興就好","converted":"我覺得都不錯欸，你目前覺得哪個比較好"},
    "13":{"mode":"1","original":"可以","converted":"嗯我覺得不錯啊，跟你出去玩去哪都好"},
    "14":{"mode":"1","original":"我在上班，你多喝熱水","converted":"寶貝，我在上班，你先喝點熱水緩和休息一下，我下班就買紅豆湯給妳喝！"},
    "15":{"mode":"1","original":"嗯我覺得在這件事，是妳自己情緒化她只是正常反應","converted":"嗯！沒錯，但寶貝不要生氣了，我們不要為了不重要的人心情不好，假日帶你出去玩消消氣！"},
    "16":{"mode":"1","original":"我哪有","converted":"既然我們都一樣！那扯平！我們一起改進"},
    "17":{"mode":"1","original":"那你說說看哪裡錯啊","converted":"這次就原諒你，但是你現在要陪我看場電影。下次再這樣，你就親自下廚煮一桌給我吃。"},
    "18":{"mode":"1","original":"我又沒幹嘛","converted":"對不起我自以為這是小事，讓你不高興了，沒有下一次了，以後一定會先告訴你"},
    "19":{"mode":"1","original":"是要等幾下啦","converted":"那再給你5分鐘喔！"},
    "20":{"mode":"1","original":"有必要這個態度嗎","converted":"你這個大笨蛋，我沒有想要你怎樣，只是想陪陪你，覺得自己什麼忙都幫不上你而已。"},
    "21":{"mode":"1","original":"對、我是真的不懂","converted":"那我可以重新了解你嗎？"},
    "22":{"mode":"1","original":"你什麼時候才要去掃地啦","converted":"寶貝你去掃地，我幫忙拖地，我們一起把環境弄乾淨！"},
    "23":{"mode":"1","original":"隨便你，你開心就好","converted":"如果這樣會讓你舒服一點，那我願意做到！"},
    "24":{"mode":"1","original":"我不想管你了，這樣也要生氣","converted":"原來這樣會讓你不開心，下次不會了"},
    "25":{"mode":"1","original":"你真的莫名其妙ㄟ","converted":"你怎麼會這樣想呢"},
    "26":{"mode":"1","original":"你去查阿，不然每次都我一個人在查","converted":"你幫我查一下好不好"},
    "27":{"mode":"1","original":"兇什麼啊","converted":"寶貝不要這樣嗎，我現在就去查"},
    "28":{"mode":"1","original":"就跟你說我沒空了，先自己搭車回來好嗎?","converted":"我現在真的沒有空~，你先自己搭車回來好不好~"},
    "29":{"mode":"1","original":"也是可以啦。","converted":"沒問題喔"},
    "30":{"mode":"1","original":"很無聊","converted":"沒有很有趣"},
    "31":{"mode":"1","original":"瘦","converted":"苗條"},
    "32":{"mode":"1","original":"可不可以不要每次都這樣，你直接跟我說不就好了","converted":"寶貝不要這樣嘛，我下次一定不會忘了，你可以跟我說嗎"},
    "33":{"mode":"1","original":"為什麼別人可以做到，你就不行","converted":"別人可以做到的，你也一定可以"},
    "34":{"mode":"1","original":"要幹嘛","converted":"要做什麼啊"},
    "35":{"mode":"1","original":"隨便","converted":"都可以啊"},
    "36":{"mode":"1","original":"嗯嗯","converted":"可以啊"},
    "37":{"mode":"1","original":"對啦","converted":"確定喔"},
    "38":{"mode":"1","original":"還好吧","converted":"還不錯啊"},
    "39":{"mode":"1","original":"不清楚，我在忙","converted":"不知道欸，我剛剛在忙"},
    "40":{"mode":"1","original":"憑什麼都是我讓步啊?","converted":"我現在沒有辦法配合你，因為我也很生氣。"},
    "41":{"mode":"1","original":"我知道我錯了，但難道妳都沒錯嗎?","converted":"我會改進，但是我們兩個人應該都有責任。"},
    "42":{"mode":"1","original":"不應該是這樣吧","converted":"這樣可能錯了喲"},
    "43":{"mode":"1","original":"你好好說話行嗎?","converted":"我需要你用溫和一點的方式跟我說話。"},
    "44":{"mode":"1","original":"你又幹嘛了","converted":"妳怎麼了阿"}
}